CHR,POS,GT,SVTYPE,SVLEN,END,SOURCES,NUM_SVTOOLS,GENES,ANN,SVSCOREMAX,SVSCORESUM,SVSCORETOP5,SVSCORETOP10,SVSCOREMEAN,DGV
"2","71798322","HET","DEL","-561","71798883","2-71798322-2-71798883-561-WHAM","1","DYSF","<DEL>|upstream_gene_variant|MODIFIER|DYSF|ENSG00000135636|transcript|ENST00000475076|processed_transcript||n.-5076_-4515del|||||5076|,<DEL>|downstream_gene_variant|MODIFIER|DYSF|ENSG00000135636|transcript|ENST00000461565|processed_transcript||n.*276_*837del|||||276|,<DEL>|intron_variant|MODIFIER|DYSF|ENSG00000135636|transcript|ENST00000410020|protein_coding|29/55|c.3228+451_3228+1012del||||||,<DEL>|intron_variant|MODIFIER|DYSF|ENSG00000135636|transcript|ENST00000409582|protein_coding|29/55|c.3225+451_3225+1012del||||||,<DEL>|intron_variant|MODIFIER|DYSF|ENSG00000135636|transcript|ENST00000409762|protein_coding|29/54|c.3225+451_3225+1012del||||||,<DEL>|intron_variant|MODIFIER|DYSF|ENSG00000135636|transcript|ENST00000413539|protein_coding|30/55|c.3267+451_3267+1012del||||||,<DEL>|intron_variant|MODIFIER|DYSF|ENSG00000135636|transcript|ENST00000429174|protein_coding|29/55|c.3174+451_3174+1012del||||||,<DEL>|intron_variant|MODIFIER|DYSF|ENSG00000135636|transcript|ENST00000258104|protein_coding|29/54|c.3174+451_3174+1012del||||||,<DEL>|intron_variant|MODIFIER|DYSF|ENSG00000135636|transcript|ENST00000394120|protein_coding|29/54|c.3177+451_3177+1012del||||||,<DEL>|intron_variant|MODIFIER|DYSF|ENSG00000135636|transcript|ENST00000409366|protein_coding|29/55|c.3177+451_3177+1012del||||||,<DEL>|intron_variant|MODIFIER|DYSF|ENSG00000135636|transcript|ENST00000409651|protein_coding|30/55|c.3270+451_3270+1012del||||||,<DEL>|intron_variant|MODIFIER|DYSF|ENSG00000135636|transcript|ENST00000409744|protein_coding|28/54|c.3135+451_3135+1012del||||||,<DEL>|intron_variant|MODIFIER|DYSF|ENSG00000135636|transcript|ENST00000410041|protein_coding|29/54|c.3228+451_3228+1012del||||||","8.857","1874.145","8.288","7.762","4.048","NA"
"2","71845504","HET","DUP","140","71845644","2-71845504-2-71845644-140-WHAM","1","DYSF","<DUP>|downstream_gene_variant|MODIFIER|DYSF|ENSG00000135636|transcript|ENST00000487180|processed_transcript||n.*4998_*5138dup|||||4998|,<DUP>|intron_variant|MODIFIER|DYSF|ENSG00000135636|transcript|ENST00000410020|protein_coding|38/55|c.||||||INFO_REALIGN_3_PRIME,<DUP>|intron_variant|MODIFIER|DYSF|ENSG00000135636|transcript|ENST00000409582|protein_coding|38/55|c.||||||INFO_REALIGN_3_PRIME,<DUP>|intron_variant|MODIFIER|DYSF|ENSG00000135636|transcript|ENST00000409762|protein_coding|38/54|c.||||||INFO_REALIGN_3_PRIME,<DUP>|intron_variant|MODIFIER|DYSF|ENSG00000135636|transcript|ENST00000413539|protein_coding|39/55|c.||||||INFO_REALIGN_3_PRIME,<DUP>|intron_variant|MODIFIER|DYSF|ENSG00000135636|transcript|ENST00000429174|protein_coding|38/55|c.||||||INFO_REALIGN_3_PRIME,<DUP>|intron_variant|MODIFIER|DYSF|ENSG00000135636|transcript|ENST00000258104|protein_coding|38/54|c.||||||INFO_REALIGN_3_PRIME,<DUP>|intron_variant|MODIFIER|DYSF|ENSG00000135636|transcript|ENST00000394120|protein_coding|38/54|c.||||||INFO_REALIGN_3_PRIME,<DUP>|intron_variant|MODIFIER|DYSF|ENSG00000135636|transcript|ENST00000409366|protein_coding|38/55|c.||||||INFO_REALIGN_3_PRIME,<DUP>|intron_variant|MODIFIER|DYSF|ENSG00000135636|transcript|ENST00000409651|protein_coding|39/55|c.||||||INFO_REALIGN_3_PRIME,<DUP>|intron_variant|MODIFIER|DYSF|ENSG00000135636|transcript|ENST00000409744|protein_coding|37/54|c.||||||INFO_REALIGN_3_PRIME,<DUP>|intron_variant|MODIFIER|DYSF|ENSG00000135636|transcript|ENST00000410041|protein_coding|38/54|c.||||||INFO_REALIGN_3_PRIME,<DUP>|intron_variant|MODIFIER|DYSF|ENSG00000135636|transcript|ENST00000479049|processed_transcript|9/25|n.||||||INFO_REALIGN_3_PRIME,<DUP>|intron_variant|MODIFIER|DYSF|ENSG00000135636|transcript|ENST00000472873|processed_transcript|4/4|n.||||||INFO_REALIGN_3_PRIME,<DUP>|intron_variant|MODIFIER|DYSF|ENSG00000135636|transcript|ENST00000494501|processed_transcript|4/4|n.||||||INFO_REALIGN_3_PRIME,<DUP>|intron_variant|MODIFIER|DYSF|ENSG00000135636|transcript|ENST00000487180|processed_transcript|3/4|n.||||||INFO_REALIGN_3_PRIME,<DUP>|intron_variant|MODIFIER|DYSF|ENSG00000135636|transcript|ENST00000468173|processed_transcript|3/6|n.||||||INFO_REALIGN_3_PRIME","7.261","469.221","7.147","6.771","4.22","NA"
"2","71890066","HET","DUP","104","71890171","2-71890066-2-71890161-95-Manta,2-71890067-2-71890171-104-WHAM","2","DYSF","<DUP>|intron_variant|MODIFIER|DYSF|ENSG00000135636|transcript|ENST00000410020|protein_coding|41/55|c.||||||INFO_REALIGN_3_PRIME,<DUP>|intron_variant|MODIFIER|DYSF|ENSG00000135636|transcript|ENST00000409582|protein_coding|41/55|c.||||||INFO_REALIGN_3_PRIME,<DUP>|intron_variant|MODIFIER|DYSF|ENSG00000135636|transcript|ENST00000409762|protein_coding|40/54|c.||||||INFO_REALIGN_3_PRIME,<DUP>|intron_variant|MODIFIER|DYSF|ENSG00000135636|transcript|ENST00000413539|protein_coding|41/55|c.||||||INFO_REALIGN_3_PRIME,<DUP>|intron_variant|MODIFIER|DYSF|ENSG00000135636|transcript|ENST00000429174|protein_coding|41/55|c.||||||INFO_REALIGN_3_PRIME,<DUP>|intron_variant|MODIFIER|DYSF|ENSG00000135636|transcript|ENST00000258104|protein_coding|40/54|c.||||||INFO_REALIGN_3_PRIME,<DUP>|intron_variant|MODIFIER|DYSF|ENSG00000135636|transcript|ENST00000394120|protein_coding|40/54|c.||||||INFO_REALIGN_3_PRIME,<DUP>|intron_variant|MODIFIER|DYSF|ENSG00000135636|transcript|ENST00000409366|protein_coding|41/55|c.||||||INFO_REALIGN_3_PRIME,<DUP>|intron_variant|MODIFIER|DYSF|ENSG00000135636|transcript|ENST00000409651|protein_coding|41/55|c.||||||INFO_REALIGN_3_PRIME,<DUP>|intron_variant|MODIFIER|DYSF|ENSG00000135636|transcript|ENST00000409744|protein_coding|40/54|c.||||||INFO_REALIGN_3_PRIME,<DUP>|intron_variant|MODIFIER|DYSF|ENSG00000135636|transcript|ENST00000410041|protein_coding|40/54|c.||||||INFO_REALIGN_3_PRIME,<DUP>|intron_variant|MODIFIER|DYSF|ENSG00000135636|transcript|ENST00000479049|processed_transcript|11/25|n.||||||INFO_REALIGN_3_PRIME,<DUP>|intron_variant|MODIFIER|DYSF|ENSG00000135636|transcript|ENST00000468173|processed_transcript|6/6|n.||||||INFO_REALIGN_3_PRIME","9.875","517.901","9.65","9.408","4.932","NA"
"2","158719077","HET","DEL","-318","158719397","2-158719077-2-158719395-318-SoftClip,2-158719100-2-158719385-285-SoftClip,2-158719085-2-158719396-311-Manta,2-158719100-2-158719396-296-Lumpy,2-158719100-2-158719397-297-WHAM","4","ACVR1","<DEL>|intron_variant|MODIFIER|ACVR1|ENSG00000115170|transcript|ENST00000263640|protein_coding|1/10|c.-183+11979_-183+12299del||||||,<DEL>|intron_variant|MODIFIER|ACVR1|ENSG00000115170|transcript|ENST00000434821|protein_coding|1/10|c.-183+12911_-183+13231del||||||,<DEL>|intron_variant|MODIFIER|ACVR1|ENSG00000115170|transcript|ENST00000440523|protein_coding|1/3|c.-183+12650_-183+12970del||||||WARNING_TRANSCRIPT_INCOMPLETE,<DEL>|intron_variant|MODIFIER|ACVR1|ENSG00000115170|transcript|ENST00000539637|protein_coding|1/4|c.-302+12911_-302+13231del||||||WARNING_TRANSCRIPT_INCOMPLETE,<DEL>|intron_variant|MODIFIER|ACVR1|ENSG00000115170|transcript|ENST00000424669|protein_coding|1/4|c.-270+12911_-270+13231del||||||WARNING_TRANSCRIPT_INCOMPLETE,<DEL>|intron_variant|MODIFIER|ACVR1|ENSG00000115170|transcript|ENST00000413751|protein_coding|1/4|c.-426-2706_-426-2386del||||||WARNING_TRANSCRIPT_INCOMPLETE","13.9","795.631","13.354","12.572","11.687","NA"
"2","179621874","HET","DUP","82","179621956","2-179621874-2-179621956-82-WHAM","1","TTN-AS1;TTN","<DUP>|upstream_gene_variant|MODIFIER|TTN-AS1|ENSG00000237298|transcript|ENST00000610005|antisense||n.-1607_-1525dup|||||1607|,<DUP>|intron_variant|MODIFIER|TTN|ENSG00000155657|transcript|ENST00000589042|protein_coding|45/362|c.10678+313_10679-350dup||||||,<DUP>|intron_variant|MODIFIER|TTN|ENSG00000155657|transcript|ENST00000342992|protein_coding|44/311|c.10303+1755_10303+1837dup||||||,<DUP>|intron_variant|MODIFIER|TTN|ENSG00000155657|transcript|ENST00000342175|protein_coding|43/191|c.10166-432_10166-350dup||||||,<DUP>|intron_variant|MODIFIER|TTN|ENSG00000155657|transcript|ENST00000359218|protein_coding|44/191|c.10540+313_10540+395dup||||||,<DUP>|intron_variant|MODIFIER|TTN|ENSG00000155657|transcript|ENST00000460472|protein_coding|43/190|c.10165+1755_10165+1837dup||||||,<DUP>|intron_variant|MODIFIER|TTN|ENSG00000155657|transcript|ENST00000591111|protein_coding|44/312|c.10303+1755_10303+1837dup||||||,<DUP>|intron_variant|MODIFIER|TTN|ENSG00000155657|transcript|ENST00000360870|protein_coding|44/45|c.10303+1755_10303+1837dup||||||,<DUP>|intragenic_variant|MODIFIER|TTN-AS1|ENSG00000237298|gene_variant|ENSG00000237298|||n.||||||","10.47","369.242","9.76","8.925","7.136","NA"
"4","3480243","HET","DEL","-50","3480293","4-3480243-4-3480293-50-Lumpy","1","DOK7","<DEL>|downstream_gene_variant|MODIFIER|DOK7|ENSG00000175920|transcript|ENST00000511267|retained_intron||n.*1973_*2023delNNNNNNNNNNNNNNNNNNNNNNNNNNNNNNNNNNNNNNNNNNNNNNNNNNN|||||1973|,<DEL>|intron_variant|MODIFIER|DOK7|ENSG00000175920|transcript|ENST00000389653|protein_coding|4/9|c.532+1974_532+2024delNNNNNNNNNNNNNNNNNNNNNNNNNNNNNNNNNNNNNNNNNNNNNNNNNNN||||||,<DEL>|intron_variant|MODIFIER|DOK7|ENSG00000175920|transcript|ENST00000503688|processed_transcript|2/4|n.166-7023_166-6973delNNNNNNNNNNNNNNNNNNNNNNNNNNNNNNNNNNNNNNNNNNNNNNNNNNN||||||,<DEL>|intron_variant|MODIFIER|DOK7|ENSG00000175920|transcript|ENST00000340083|protein_coding|4/6|c.532+1974_532+2024delNNNNNNNNNNNNNNNNNNNNNNNNNNNNNNNNNNNNNNNNNNNNNNNNNNN||||||,<DEL>|intron_variant|MODIFIER|DOK7|ENSG00000175920|transcript|ENST00000507039|protein_coding|4/6|c.521+1985_521+2035delNNNNNNNNNNNNNNNNNNNNNNNNNNNNNNNNNNNNNNNNNNNNNNNNNNN||||||","6.332","127.208","5.118","4.587","2.544","NA"
"4","3491745","HET","DUP","227","3491972","4-3491745-4-3491972-227-Lumpy","1","DOK7","<DUP>|upstream_gene_variant|MODIFIER|DOK7|ENSG00000175920|transcript|ENST00000512714|processed_transcript||n.-2777_-2550dup|||||2777|,<DUP>|intron_variant|MODIFIER|DOK7|ENSG00000175920|transcript|ENST00000389653|protein_coding|6/9|c.||||||INFO_REALIGN_3_PRIME,<DUP>|intron_variant|MODIFIER|DOK7|ENSG00000175920|transcript|ENST00000503688|processed_transcript|4/4|n.||||||INFO_REALIGN_3_PRIME,<DUP>|intron_variant|MODIFIER|DOK7|ENSG00000175920|transcript|ENST00000340083|protein_coding|6/6|c.||||||INFO_REALIGN_3_PRIME,<DUP>|intron_variant|MODIFIER|DOK7|ENSG00000175920|transcript|ENST00000507039|protein_coding|6/6|c.||||||INFO_REALIGN_3_PRIME,<DUP>|intron_variant|MODIFIER|DOK7|ENSG00000175920|transcript|ENST00000515886|retained_intron|3/3|n.||||||INFO_REALIGN_3_PRIME,<DUP>|intron_variant|MODIFIER|DOK7|ENSG00000175920|transcript|ENST00000513995|retained_intron|2/2|n.||||||INFO_REALIGN_3_PRIME","7.608","1022.897","7.274","7.049","5.332","NA"
"4","184632824","HET","DEL","-90","184632914","4-184632824-4-184632914-90-Lumpy,4-184632824-4-184632914-90-Manta","2","TRAPPC11","<DEL>|downstream_gene_variant|MODIFIER|TRAPPC11|ENSG00000168538|transcript|ENST00000506426|retained_intron||n.*4731_*4821delNNNNNNNNNNNNNNNNNNNNNNNNNNNNNNNNNNNNNNNNNNNNNNNNNNNNNNNNNNNNNNNNNNNNNNNNNNNNNNNNNNNNNNNNNNN|||||4731|,<DEL>|intron_variant|MODIFIER|TRAPPC11|ENSG00000168538|transcript|ENST00000334690|protein_coding|29/29|c.3358-929_3358-839delNNNNNNNNNNNNNNNNNNNNNNNNNNNNNNNNNNNNNNNNNNNNNNNNNNNNNNNNNNNNNNNNNNNNNNNNNNNNNNNNNNNNNNNNNNN||||||,<DEL>|intron_variant|MODIFIER|TRAPPC11|ENSG00000168538|transcript|ENST00000357207|protein_coding|30/30|c.3239-929_3239-839delNNNNNNNNNNNNNNNNNNNNNNNNNNNNNNNNNNNNNNNNNNNNNNNNNNNNNNNNNNNNNNNNNNNNNNNNNNNNNNNNNNNNNNNNNNN||||||,<DEL>|intron_variant|MODIFIER|TRAPPC11|ENSG00000168538|transcript|ENST00000505676|nonsense_mediated_decay|18/18|c.*1353-929_*1353-839delNNNNNNNNNNNNNNNNNNNNNNNNNNNNNNNNNNNNNNNNNNNNNNNNNNNNNNNNNNNNNNNNNNNNNNNNNNNNNNNNNNNNNNNNNNN||||||,<DEL>|intron_variant|MODIFIER|TRAPPC11|ENSG00000168538|transcript|ENST00000512476|protein_coding|18/18|c.2176-929_2176-839delNNNNNNNNNNNNNNNNNNNNNNNNNNNNNNNNNNNNNNNNNNNNNNNNNNNNNNNNNNNNNNNNNNNNNNNNNNNNNNNNNNNNNNNNNNN||||||,<DEL>|intron_variant|MODIFIER|TRAPPC11|ENSG00000168538|transcript|ENST00000511955|retained_intron|4/4|n.1351-929_1351-839delNNNNNNNNNNNNNNNNNNNNNNNNNNNNNNNNNNNNNNNNNNNNNNNNNNNNNNNNNNNNNNNNNNNNNNNNNNNNNNNNNNNNNNNNNNN||||||","7.167","288.75","6.651","6.082","3.482","NA"
"5","155311783","HET","DEL","-838","155312627","5-155311783-5-155312574-791-Manta,5-155311789-5-155312574-785-Lumpy,5-155311790-5-155312575-785-WHAM,5-155311789-5-155312627-838-SoftClip","4","SGCD","<DEL>|intron_variant|MODIFIER|SGCD|ENSG00000170624|transcript|ENST00000517913|protein_coding|1/9|c.-282+14349_-282+15193del||||||","15","3915.642","14.706","14.205","4.639","NA"
"5","155849703","HET","INS","170","155849703","5-155850203-5-155850203-170-Manta","1","SGCD","AATATTATATTTTATTATAATATAATATAATATTATATTTTATTATAATATAATATAATATAATATTTTATTATAATATAATATTATATTTTATTATAATATAATATTATATTATAATATAATATAATATTGTATTATATTTTATTATAATATAATATATTATATTATAAT|intron_variant|MODIFIER|SGCD|ENSG00000170624|transcript|ENST00000337851|protein_coding|3/8|c.192+78548_192+78549insTATATTTTATTATAATATAATATAATATAATATTTTATTATAATATAATATTATATTTTATTATAATATAATATTATATTATAATATAATATAATATTGTATTATATTTTATTATAATATAATATATTATATTATAATATATTATATTTTATTATAATATAATATAATAT||||||INFO_REALIGN_3_PRIME,AATATTATATTTTATTATAATATAATATAATATTATATTTTATTATAATATAATATAATATAATATTTTATTATAATATAATATTATATTTTATTATAATATAATATTATATTATAATATAATATAATATTGTATTATATTTTATTATAATATAATATATTATATTATAAT|intron_variant|MODIFIER|SGCD|ENSG00000170624|transcript|ENST00000517913|protein_coding|5/9|c.192+78548_192+78549insTATATTTTATTATAATATAATATAATATAATATTTTATTATAATATAATATTATATTTTATTATAATATAATATTATATTATAATATAATATAATATTGTATTATATTTTATTATAATATAATATATTATATTATAATATATTATATTTTATTATAATATAATATAATAT||||||INFO_REALIGN_3_PRIME,AATATTATATTTTATTATAATATAATATAATATTATATTTTATTATAATATAATATAATATAATATTTTATTATAATATAATATTATATTTTATTATAATATAATATTATATTATAATATAATATAATATTGTATTATATTTTATTATAATATAATATATTATATTATAAT|intron_variant|MODIFIER|SGCD|ENSG00000170624|transcript|ENST00000435422|protein_coding|2/7|c.189+78548_189+78549insTATATTTTATTATAATATAATATAATATAATATTTTATTATAATATAATATTATATTTTATTATAATATAATATTATATTATAATATAATATAATATTGTATTATATTTTATTATAATATAATATATTATATTATAATATATTATATTTTATTATAATATAATATAATAT||||||INFO_REALIGN_3_PRIME,AATATTATATTTTATTATAATATAATATAATATTATATTTTATTATAATATAATATAATATAATATTTTATTATAATATAATATTATATTTTATTATAATATAATATTATATTATAATATAATATAATATTGTATTATATTTTATTATAATATAATATATTATATTATAAT|intron_variant|MODIFIER|SGCD|ENSG00000170624|transcript|ENST00000447401|protein_coding|3/7|c.192+78548_192+78549insTATATTTTATTATAATATAATATAATATAATATTTTATTATAATATAATATTATATTTTATTATAATATAATATTATATTATAATATAATATAATATTGTATTATATTTTATTATAATATAATATATTATATTATAATATATTATATTTTATTATAATATAATATAATAT||||||INFO_REALIGN_3_PRIME,AATATTATATTTTATTATAATATAATATAATATTATATTTTATTATAATATAATATAATATAATATTTTATTATAATATAATATTATATTTTATTATAATATAATATTATATTATAATATAATATAATATTGTATTATATTTTATTATAATATAATATATTATATTATAAT|intron_variant|MODIFIER|SGCD|ENSG00000170624|transcript|ENST00000524347|nonsense_mediated_decay|4/5|c.*56+29360_*56+29361insTATATTTTATTATAATATAATATAATATAATATTTTATTATAATATAATATTATATTTTATTATAATATAATATTATATTATAATATAATATAATATTGTATTATATTTTATTATAATATAATATATTATATTATAATATATTATATTTTATTATAATATAATATAATAT||||||INFO_REALIGN_3_PRIME","5.939","118.932","5.3","4.887","3.604","NA"
"6","129319494","HET","DEL","-6092","129325622","6-129319494-6-129325574-6080-SoftClip,6-129319530-6-129325622-6092-SoftClip,6-129319515-6-129325574-6059-Manta,6-129319530-6-129325574-6044-Lumpy,6-129319531-6-129325575-6044-WHAM","4","LAMA2","<DEL>|intron_variant|MODIFIER|LAMA2|ENSG00000196569|transcript|ENST00000421865|protein_coding|1/64|c.113-51569_113-45441del||||||,<DEL>|intron_variant|MODIFIER|LAMA2|ENSG00000196569|transcript|ENST00000466230|processed_transcript|2/2|n.225-51569_225-45441del||||||","7.775","22862.699","7.713","7.648","3.731","NA"
"6","129607833","HET","DEL","-195","129608242","6-129607833-6-129608028-195-Manta,6-129608171-6-129608242-71-Manta","1","LAMA2","<DEL>|intron_variant|MODIFIER|LAMA2|ENSG00000196569|transcript|ENST00000421865|protein_coding|18/64|c.2538-1159_2538-750del||||||","7.161","845.447","6.753","6.529","2.698","NA"
"6","129619210","HET","DUP","86","129619296","6-129619210-6-129619296-86-WHAM","1","LAMA2","<DUP>|intron_variant|MODIFIER|LAMA2|ENSG00000196569|transcript|ENST00000421865|protein_coding|49/64|c.||||||INFO_REALIGN_3_PRIME","9.391","470.072","9.068","8.806","5.466","NA"
"7","16382425","HET","DUP","74","16382499","7-16382425-7-16382499-74-WHAM","1","ISPD","<DUP>|intron_variant|MODIFIER|ISPD|ENSG00000214960|transcript|ENST00000407010|protein_coding|3/9|c.684+33218_684+33292dup||||||,<DUP>|intron_variant|MODIFIER|ISPD|ENSG00000214960|transcript|ENST00000399310|protein_coding|2/8|c.535-34247_535-34173dup||||||","7.583","125.533","6.08","5.197","2.884","NA"
"9","113491023","HET","INS","326","113491023","9-113491523-9-113491523-326-Manta","1","MUSK;RP13-461N9.2","GGAAAATAGCTGGAGGCCGGGCGCGGTGGCTCACGCCTGTAATCCCAGCACTTTGGGAGGCCGAGGCGGGTGGATCGTGAGGTCAGGAGATCGAGACCATCCTGGCTAACAAGGTGAAACCCCGTCTCTACTAAAAATACAAAAAATTAGCCGGGCGCGGTGGCGGGCGCCTGTAGTCCCAGCTACTCGGGAGGCTGAGGCAGGAGAATGGCGTGAACCCGGGAAGCGGAGCTTGCAGTGAGCCGAGATTGCGCCACTGCAGTCCGCAGTCCGGCCTGGGCGACAGAGCGAGACTCCGTCTCAAAAAAAAAAAAAAAAAAAAAAAAA|upstream_gene_variant|MODIFIER|RP13-461N9.2|ENSG00000223918|transcript|ENST00000446460|processed_pseudogene||n.-1565_-1564insTTTTTTTTTTTTTTTTTTTTTTTTTGAGACGGAGTCTCGCTCTGTCGCCCAGGCCGGACTGCGGACTGCAGTGGCGCAATCTCGGCTCACTGCAAGCTCCGCTTCCCGGGTTCACGCCATTCTCCTGCCTCAGCCTCCCGAGTAGCTGGGACTACAGGCGCCCGCCACCGCGCCCGGCTAATTTTTTGTATTTTTAGTAGAGACGGGGTTTCACCTTGTTAGCCAGGATGGTCTCGATCTCCTGACCTCACGATCCACCCGCCTCGGCCTCCCAAAGTGCTGGGATTACAGGCGTGAGCCACCGCGCCCGGCCTCCAGCTATTTTC|||||1565|,GGAAAATAGCTGGAGGCCGGGCGCGGTGGCTCACGCCTGTAATCCCAGCACTTTGGGAGGCCGAGGCGGGTGGATCGTGAGGTCAGGAGATCGAGACCATCCTGGCTAACAAGGTGAAACCCCGTCTCTACTAAAAATACAAAAAATTAGCCGGGCGCGGTGGCGGGCGCCTGTAGTCCCAGCTACTCGGGAGGCTGAGGCAGGAGAATGGCGTGAACCCGGGAAGCGGAGCTTGCAGTGAGCCGAGATTGCGCCACTGCAGTCCGCAGTCCGGCCTGGGCGACAGAGCGAGACTCCGTCTCAAAAAAAAAAAAAAAAAAAAAAAAA|intron_variant|MODIFIER|MUSK|ENSG00000030304|transcript|ENST00000189978|protein_coding|5/13|c.629-4995_629-4994insGGCCGGGCGCGGTGGCTCACGCCTGTAATCCCAGCACTTTGGGAGGCCGAGGCGGGTGGATCGTGAGGTCAGGAGATCGAGACCATCCTGGCTAACAAGGTGAAACCCCGTCTCTACTAAAAATACAAAAAATTAGCCGGGCGCGGTGGCGGGCGCCTGTAGTCCCAGCTACTCGGGAGGCTGAGGCAGGAGAATGGCGTGAACCCGGGAAGCGGAGCTTGCAGTGAGCCGAGATTGCGCCACTGCAGTCCGCAGTCCGGCCTGGGCGACAGAGCGAGACTCCGTCTCAAAAAAAAAAAAAAAAAAAAAAAAAGAAAATAGCTGGA||||||INFO_REALIGN_3_PRIME,GGAAAATAGCTGGAGGCCGGGCGCGGTGGCTCACGCCTGTAATCCCAGCACTTTGGGAGGCCGAGGCGGGTGGATCGTGAGGTCAGGAGATCGAGACCATCCTGGCTAACAAGGTGAAACCCCGTCTCTACTAAAAATACAAAAAATTAGCCGGGCGCGGTGGCGGGCGCCTGTAGTCCCAGCTACTCGGGAGGCTGAGGCAGGAGAATGGCGTGAACCCGGGAAGCGGAGCTTGCAGTGAGCCGAGATTGCGCCACTGCAGTCCGCAGTCCGGCCTGGGCGACAGAGCGAGACTCCGTCTCAAAAAAAAAAAAAAAAAAAAAAAAA|intron_variant|MODIFIER|MUSK|ENSG00000030304|transcript|ENST00000374448|protein_coding|5/14|c.629-4995_629-4994insGGCCGGGCGCGGTGGCTCACGCCTGTAATCCCAGCACTTTGGGAGGCCGAGGCGGGTGGATCGTGAGGTCAGGAGATCGAGACCATCCTGGCTAACAAGGTGAAACCCCGTCTCTACTAAAAATACAAAAAATTAGCCGGGCGCGGTGGCGGGCGCCTGTAGTCCCAGCTACTCGGGAGGCTGAGGCAGGAGAATGGCGTGAACCCGGGAAGCGGAGCTTGCAGTGAGCCGAGATTGCGCCACTGCAGTCCGCAGTCCGGCCTGGGCGACAGAGCGAGACTCCGTCTCAAAAAAAAAAAAAAAAAAAAAAAAAGAAAATAGCTGGA||||||INFO_REALIGN_3_PRIME,GGAAAATAGCTGGAGGCCGGGCGCGGTGGCTCACGCCTGTAATCCCAGCACTTTGGGAGGCCGAGGCGGGTGGATCGTGAGGTCAGGAGATCGAGACCATCCTGGCTAACAAGGTGAAACCCCGTCTCTACTAAAAATACAAAAAATTAGCCGGGCGCGGTGGCGGGCGCCTGTAGTCCCAGCTACTCGGGAGGCTGAGGCAGGAGAATGGCGTGAACCCGGGAAGCGGAGCTTGCAGTGAGCCGAGATTGCGCCACTGCAGTCCGCAGTCCGGCCTGGGCGACAGAGCGAGACTCCGTCTCAAAAAAAAAAAAAAAAAAAAAAAAA|intron_variant|MODIFIER|MUSK|ENSG00000030304|transcript|ENST00000416899|protein_coding|5/12|c.629-4995_629-4994insGGCCGGGCGCGGTGGCTCACGCCTGTAATCCCAGCACTTTGGGAGGCCGAGGCGGGTGGATCGTGAGGTCAGGAGATCGAGACCATCCTGGCTAACAAGGTGAAACCCCGTCTCTACTAAAAATACAAAAAATTAGCCGGGCGCGGTGGCGGGCGCCTGTAGTCCCAGCTACTCGGGAGGCTGAGGCAGGAGAATGGCGTGAACCCGGGAAGCGGAGCTTGCAGTGAGCCGAGATTGCGCCACTGCAGTCCGCAGTCCGGCCTGGGCGACAGAGCGAGACTCCGTCTCAAAAAAAAAAAAAAAAAAAAAAAAAGAAAATAGCTGGA||||||INFO_REALIGN_3_PRIME","19.93","187.463","19.93","19.93","19.93","NA"
"9","134391262","HET","DEL","-89","134391351","9-134391262-9-134391351-89-Manta","1",";POMT1;RP11-334J6.6","<DEL>|TFBS_ablation|LOW|||PU1|MA0080.2|||n.134391351_134391262delNNNNNNNNNNNNNNNNNNNNNNNNNNNNNNNNNNNNNNNNNNNNNNNNNNNNNNNNNNNNNNNNNNNNNNNNNNNNNNNNNNNNNNNNNN||||||,<DEL>|upstream_gene_variant|MODIFIER|POMT1|ENSG00000130714|transcript|ENST00000372220|protein_coding||c.-2344_-2255delNNNNNNNNNNNNNNNNNNNNNNNNNNNNNNNNNNNNNNNNNNNNNNNNNNNNNNNNNNNNNNNNNNNNNNNNNNNNNNNNNNNNNNNNNN|||||2344|WARNING_TRANSCRIPT_NO_START_CODON,<DEL>|upstream_gene_variant|MODIFIER|POMT1|ENSG00000130714|transcript|ENST00000467848|processed_transcript||n.-2893_-2804delNNNNNNNNNNNNNNNNNNNNNNNNNNNNNNNNNNNNNNNNNNNNNNNNNNNNNNNNNNNNNNNNNNNNNNNNNNNNNNNNNNNNNNNNNN|||||2893|,<DEL>|downstream_gene_variant|MODIFIER|RP11-334J6.6|ENSG00000230289|transcript|ENST00000415423|antisense||n.*594_*683delNNNNNNNNNNNNNNNNNNNNNNNNNNNNNNNNNNNNNNNNNNNNNNNNNNNNNNNNNNNNNNNNNNNNNNNNNNNNNNNNNNNNNNNNNN|||||683|,<DEL>|downstream_gene_variant|MODIFIER|POMT1|ENSG00000130714|transcript|ENST00000441334|protein_coding||c.*2544_*2633delNNNNNNNNNNNNNNNNNNNNNNNNNNNNNNNNNNNNNNNNNNNNNNNNNNNNNNNNNNNNNNNNNNNNNNNNNNNNNNNNNNNNNNNNNN|||||2544|WARNING_TRANSCRIPT_INCOMPLETE,<DEL>|downstream_gene_variant|MODIFIER|POMT1|ENSG00000130714|transcript|ENST00000415075|protein_coding||c.*3748_*3837delNNNNNNNNNNNNNNNNNNNNNNNNNNNNNNNNNNNNNNNNNNNNNNNNNNNNNNNNNNNNNNNNNNNNNNNNNNNNNNNNNNNNNNNNNN|||||3748|WARNING_TRANSCRIPT_INCOMPLETE,<DEL>|downstream_gene_variant|MODIFIER|POMT1|ENSG00000130714|transcript|ENST00000462375|processed_transcript||n.*2544_*2633delNNNNNNNNNNNNNNNNNNNNNNNNNNNNNNNNNNNNNNNNNNNNNNNNNNNNNNNNNNNNNNNNNNNNNNNNNNNNNNNNNNNNNNNNNN|||||2544|,<DEL>|intron_variant|MODIFIER|POMT1|ENSG00000130714|transcript|ENST00000372228|protein_coding|13/19|c.1338+353_1338+442delNNNNNNNNNNNNNNNNNNNNNNNNNNNNNNNNNNNNNNNNNNNNNNNNNNNNNNNNNNNNNNNNNNNNNNNNNNNNNNNNNNNNNNNNNN||||||,<DEL>|intron_variant|MODIFIER|POMT1|ENSG00000130714|transcript|ENST00000404875|protein_coding|11/17|c.921+353_921+442delNNNNNNNNNNNNNNNNNNNNNNNNNNNNNNNNNNNNNNNNNNNNNNNNNNNNNNNNNNNNNNNNNNNNNNNNNNNNNNNNNNNNNNNNNN||||||,<DEL>|intron_variant|MODIFIER|POMT1|ENSG00000130714|transcript|ENST00000423007|protein_coding|13/19|c.1272+353_1272+442delNNNNNNNNNNNNNNNNNNNNNNNNNNNNNNNNNNNNNNNNNNNNNNNNNNNNNNNNNNNNNNNNNNNNNNNNNNNNNNNNNNNNNNNNNN||||||,<DEL>|intron_variant|MODIFIER|POMT1|ENSG00000130714|transcript|ENST00000341012|protein_coding|12/18|c.1110+353_1110+442delNNNNNNNNNNNNNNNNNNNNNNNNNNNNNNNNNNNNNNNNNNNNNNNNNNNNNNNNNNNNNNNNNNNNNNNNNNNNNNNNNNNNNNNNNN||||||,<DEL>|intron_variant|MODIFIER|POMT1|ENSG00000130714|transcript|ENST00000419118|protein_coding|10/16|c.816+353_816+442delNNNNNNNNNNNNNNNNNNNNNNNNNNNNNNNNNNNNNNNNNNNNNNNNNNNNNNNNNNNNNNNNNNNNNNNNNNNNNNNNNNNNNNNNNN||||||,<DEL>|intron_variant|MODIFIER|POMT1|ENSG00000130714|transcript|ENST00000402686|protein_coding|13/19|c.1272+353_1272+442delNNNNNNNNNNNNNNNNNNNNNNNNNNNNNNNNNNNNNNNNNNNNNNNNNNNNNNNNNNNNNNNNNNNNNNNNNNNNNNNNNNNNNNNNNN||||||,<DEL>|intron_variant|MODIFIER|POMT1|ENSG00000130714|transcript|ENST00000541219|protein_coding|7/12|c.606+353_606+442delNNNNNNNNNNNNNNNNNNNNNNNNNNNNNNNNNNNNNNNNNNNNNNNNNNNNNNNNNNNNNNNNNNNNNNNNNNNNNNNNNNNNNNNNNN||||||,<DEL>|intron_variant|MODIFIER|POMT1|ENSG00000130714|transcript|ENST00000354713|protein_coding|12/18|c.1182+353_1182+442delNNNNNNNNNNNNNNNNNNNNNNNNNNNNNNNNNNNNNNNNNNNNNNNNNNNNNNNNNNNNNNNNNNNNNNNNNNNNNNNNNNNNNNNNNN||||||,<DEL>|intron_variant|MODIFIER|POMT1|ENSG00000130714|transcript|ENST00000485278|processed_transcript|3/9|n.1827+353_1827+442delNNNNNNNNNNNNNNNNNNNNNNNNNNNNNNNNNNNNNNNNNNNNNNNNNNNNNNNNNNNNNNNNNNNNNNNNNNNNNNNNNNNNNNNNNN||||||","9.804","426.744","9.428","9.141","4.795","NA"
"12","41167438","HET","DEL","-60","41167498","12-41167438-12-41167498-60-Manta","1","CNTN1","<DEL>|intron_variant|MODIFIER|CNTN1|ENSG00000018236|transcript|ENST00000547702|protein_coding|1/15|c.-77+81044_-77+81104delNNNNNNNNNNNNNNNNNNNNNNNNNNNNNNNNNNNNNNNNNNNNNNNNNNNNNNNNNNNNN||||||,<DEL>|intron_variant|MODIFIER|CNTN1|ENSG00000018236|transcript|ENST00000551424|protein_coding|1/4|c.-237+81044_-237+81104delNNNNNNNNNNNNNNNNNNNNNNNNNNNNNNNNNNNNNNNNNNNNNNNNNNNNNNNNNNNNN||||||WARNING_TRANSCRIPT_INCOMPLETE,<DEL>|intron_variant|MODIFIER|CNTN1|ENSG00000018236|transcript|ENST00000551295|protein_coding|1/23|c.-77+81044_-77+81104delNNNNNNNNNNNNNNNNNNNNNNNNNNNNNNNNNNNNNNNNNNNNNNNNNNNNNNNNNNNNN||||||,<DEL>|intron_variant|MODIFIER|CNTN1|ENSG00000018236|transcript|ENST00000548005|protein_coding|2/5|c.-77+10438_-77+10498delNNNNNNNNNNNNNNNNNNNNNNNNNNNNNNNNNNNNNNNNNNNNNNNNNNNNNNNNNNNNN||||||WARNING_TRANSCRIPT_NO_STOP_CODON,<DEL>|intron_variant|MODIFIER|CNTN1|ENSG00000018236|transcript|ENST00000552248|protein_coding|1/4|c.-77+31167_-77+31227delNNNNNNNNNNNNNNNNNNNNNNNNNNNNNNNNNNNNNNNNNNNNNNNNNNNNNNNNNNNNN||||||WARNING_TRANSCRIPT_NO_STOP_CODON","7.565","189.983","6.276","5.818","3.402","NA"
"12","41183177","HOM","DEL","-324","41183512","12-41183177-12-41183501-324-SoftClip,12-41183196-12-41183512-316-SoftClip,12-41183195-12-41183501-306-Manta,12-41183196-12-41183501-305-Lumpy,12-41183196-12-41183502-306-WHAM","4","CNTN1","<DEL>|intron_variant|MODIFIER|CNTN1|ENSG00000018236|transcript|ENST00000547702|protein_coding|1/15|c.-77+96783_-77+97118del||||||,<DEL>|intron_variant|MODIFIER|CNTN1|ENSG00000018236|transcript|ENST00000551424|protein_coding|1/4|c.-237+96783_-237+97118del||||||WARNING_TRANSCRIPT_INCOMPLETE,<DEL>|intron_variant|MODIFIER|CNTN1|ENSG00000018236|transcript|ENST00000551295|protein_coding|1/23|c.-77+96783_-77+97118del||||||,<DEL>|intron_variant|MODIFIER|CNTN1|ENSG00000018236|transcript|ENST00000548005|protein_coding|2/5|c.-77+26177_-77+26512del||||||WARNING_TRANSCRIPT_NO_STOP_CODON,<DEL>|intron_variant|MODIFIER|CNTN1|ENSG00000018236|transcript|ENST00000552248|protein_coding|1/4|c.-77+46906_-77+47241del||||||WARNING_TRANSCRIPT_NO_STOP_CODON","11.04","1202.882","10.206","9.648","4.445","NA"
"14","64504385","HET","DEL","-82","64504467","14-64504385-14-64504467-82-Manta","1","SYNE2","<DEL>|intron_variant|MODIFIER|SYNE2|ENSG00000054654|transcript|ENST00000358025|protein_coding|45/115|c.7221+6310_7221+6392delNNNNNNNNNNNNNNNNNNNNNNNNNNNNNNNNNNNNNNNNNNNNNNNNNNNNNNNNNNNNNNNNNNNNNNNNNNNNNNNNNNN||||||,<DEL>|intron_variant|MODIFIER|SYNE2|ENSG00000054654|transcript|ENST00000357395|protein_coding|45/115|c.-3694+6310_-3694+6392delNNNNNNNNNNNNNNNNNNNNNNNNNNNNNNNNNNNNNNNNNNNNNNNNNNNNNNNNNNNNNNNNNNNNNNNNNNNNNNNNNNN||||||,<DEL>|intron_variant|MODIFIER|SYNE2|ENSG00000054654|transcript|ENST00000344113|protein_coding|45/114|c.7221+6310_7221+6392delNNNNNNNNNNNNNNNNNNNNNNNNNNNNNNNNNNNNNNNNNNNNNNNNNNNNNNNNNNNNNNNNNNNNNNNNNNNNNNNNNNN||||||,<DEL>|intron_variant|MODIFIER|SYNE2|ENSG00000054654|transcript|ENST00000554584|protein_coding|45/114|c.7320+3075_7320+3157delNNNNNNNNNNNNNNNNNNNNNNNNNNNNNNNNNNNNNNNNNNNNNNNNNNNNNNNNNNNNNNNNNNNNNNNNNNNNNNNNNNN||||||,<DEL>|intron_variant|MODIFIER|SYNE2|ENSG00000054654|transcript|ENST00000557005|retained_intron|15/15|n.4524+6310_4524+6392delNNNNNNNNNNNNNNNNNNNNNNNNNNNNNNNNNNNNNNNNNNNNNNNNNNNNNNNNNNNNNNNNNNNNNNNNNNNNNNNNNNN||||||","7.628","342.808","6.704","6.095","5.928","NA"
"17","21303090","HET","INV","525443","21828533","17-21303090-17-21828533-525443-WHAM,17-21303134-17-21828532-525398-SoftClip","2","AC138710.1&AC138761.1&AC144838.2&AC144838.3&C17orf51&FAM27L&FTLP13&KCNJ12&NCOR1P2&PDLIM1P2&RP11-1109M24.13&RP11-1109M24.14&RP11-1109M24.15&RP11-1109M24.16&RP11-1109M24.5&RP11-728E14.2&RP11-728E14.3&RP11-822E23.2&RP11-822E23.3&RP11-822E23.4&RP11-822E23.5&RP11-822E23.6&RP11-822E23.7&RP11-822E23.8&RPL21P120&UBBP4","<INV>|inversion|MODERATE|AC138710.1&AC138761.1&AC144838.2&AC144838.3&C17orf51&FAM27L&FTLP13&KCNJ12&NCOR1P2&PDLIM1P2&RP11-1109M24.13&RP11-1109M24.14&RP11-1109M24.15&RP11-1109M24.16&RP11-1109M24.5&RP11-728E14.2&RP11-728E14.3&RP11-822E23.2&RP11-822E23.3&RP11-822E23.4&RP11-822E23.5&RP11-822E23.6&RP11-822E23.7&RP11-822E23.8&RPL21P120&UBBP4|ENSG00000216100&ENSG00000222770&ENSG00000265233&ENSG00000264617&ENSG00000212719&ENSG00000178130&ENSG00000263725&ENSG00000184185&ENSG00000265019&ENSG00000265881&ENSG00000265567&ENSG00000264811&ENSG00000266691&ENSG00000263609&ENSG00000264956&ENSG00000264023&ENSG00000265043&ENSG00000266466&ENSG00000266673&ENSG00000264245&ENSG00000263375&ENSG00000266050&ENSG00000265265&ENSG00000272780&ENSG00000244582&ENSG00000263563|gene_variant|ENSG00000184185|||n.21303090_21828533inv||||||","46","129769.552","45.2","44.6","8.377","NA"
"17","21310477","HET","DUP","71","21310548","17-21310477-17-21310548-71-WHAM","1","KCNJ12","<DUP>|intron_variant|MODIFIER|KCNJ12|ENSG00000184185|transcript|ENST00000331718|protein_coding|2/2|c.||||||INFO_REALIGN_3_PRIME,<DUP>|intron_variant|MODIFIER|KCNJ12|ENSG00000184185|transcript|ENST00000583088|protein_coding|2/2|c.||||||INFO_REALIGN_3_PRIME","8.268","305.453","7.895","6.715","5.888","NA"
"17","21321252","HET","DEL","-1587","21322864","17-21321252-17-21322821-1569-SoftClip,17-21321277-17-21322864-1587-SoftClip,17-21321277-17-21322821-1544-Lumpy,17-21321277-17-21322821-1544-Manta,17-21321277-17-21322822-1545-WHAM","4","KCNJ12","<DEL>|3_prime_UTR_variant|MODIFIER|KCNJ12|ENSG00000184185|transcript|ENST00000583088|protein_coding|3/3|c.*1296_*2908del|||||1296|,<DEL>|downstream_gene_variant|MODIFIER|KCNJ12|ENSG00000184185|transcript|ENST00000331718|protein_coding||c.*1296_*2908del|||||770|","21.9","13497.84","21.34","21.04","12.38","NA"
"18","2768167","HET","INS","125","2768167","18-2768667-18-2768667-125-Manta","1","RP11-703M24.5;SMCHD1","TACACTATATACTATACTAGTATAGTATATAGTACACTATATACTATACTAGTATAGTATATAGTACACTATATACTATACTACTAGTATAGTATATAGTACACTATATACTATACTACTAGTATA|intron_variant|MODIFIER|SMCHD1|ENSG00000101596|transcript|ENST00000320876|protein_coding|37/47|c.4720-1025_4720-1024insACACTATATACTATACTAGTATAGTATATAGTACACTATATACTATACTAGTATAGTATATAGTACACTATATACTATACTACTAGTATAGTATATAGTACACTATATACTATACTACTAGTATA||||||,TACACTATATACTATACTAGTATAGTATATAGTACACTATATACTATACTAGTATAGTATATAGTACACTATATACTATACTACTAGTATAGTATATAGTACACTATATACTATACTACTAGTATA|intron_variant|MODIFIER|RP11-703M24.5|ENSG00000266049|transcript|ENST00000583546|antisense|2/3|n.370+39785_370+39786insTATACTAGTAGTATAGTATATAGTGTACTATATACTATACTAGTAGTATAGTATATAGTGTACTATATACTATACTAGTATAGTATATAGTGTACTATATACTATACTAGTATAGTATATAGTGT||||||,TACACTATATACTATACTAGTATAGTATATAGTACACTATATACTATACTAGTATAGTATATAGTACACTATATACTATACTACTAGTATAGTATATAGTACACTATATACTATACTACTAGTATA|intron_variant|MODIFIER|SMCHD1|ENSG00000101596|transcript|ENST00000261598|protein_coding|37/45|c.4720-1025_4720-1024insACACTATATACTATACTAGTATAGTATATAGTACACTATATACTATACTAGTATAGTATATAGTACACTATATACTATACTACTAGTATAGTATATAGTACACTATATACTATACTACTAGTATA||||||,TACACTATATACTATACTAGTATAGTATATAGTACACTATATACTATACTAGTATAGTATATAGTACACTATATACTATACTACTAGTATAGTATATAGTACACTATATACTATACTACTAGTATA|intron_variant|MODIFIER|SMCHD1|ENSG00000101596|transcript|ENST00000577880|nonsense_mediated_decay|26/37|c.3133-1025_3133-1024insACACTATATACTATACTAGTATAGTATATAGTACACTATATACTATACTAGTATAGTATATAGTACACTATATACTATACTACTAGTATAGTATATAGTACACTATATACTATACTACTAGTATA||||||WARNING_TRANSCRIPT_NO_START_CODON,TACACTATATACTATACTAGTATAGTATATAGTACACTATATACTATACTAGTATAGTATATAGTACACTATATACTATACTACTAGTATAGTATATAGTACACTATATACTATACTACTAGTATA|intron_variant|MODIFIER|SMCHD1|ENSG00000101596|transcript|ENST00000584897|nonsense_mediated_decay|22/31|c.*2088-1025_*2088-1024insACACTATATACTATACTAGTATAGTATATAGTACACTATATACTATACTAGTATAGTATATAGTACACTATATACTATACTACTAGTATAGTATATAGTACACTATATACTATACTACTAGTATA||||||WARNING_TRANSCRIPT_NO_START_CODON,TACACTATATACTATACTAGTATAGTATATAGTACACTATATACTATACTAGTATAGTATATAGTACACTATATACTATACTACTAGTATAGTATATAGTACACTATATACTATACTACTAGTATA|intron_variant|MODIFIER|SMCHD1|ENSG00000101596|transcript|ENST00000583344|retained_intron|3/3|n.625-1025_625-1024insACACTATATACTATACTAGTATAGTATATAGTACACTATATACTATACTAGTATAGTATATAGTACACTATATACTATACTACTAGTATAGTATATAGTACACTATATACTATACTACTAGTATA||||||","0.799","0.799","0.799","0.799","0.799","NA"
"19","46278652","HET","DEL","-1000","46279660","19-46278652-19-46279628-976-Manta,19-46278660-19-46279615-955-Lumpy,19-46278660-19-46279660-1000-SoftClip","3","AC074212.6;AC011530.4;DMPK","<DEL>|upstream_gene_variant|MODIFIER|DMPK|ENSG00000104936|transcript|ENST00000598272|retained_intron||n.-5037_-4029del|||||4029|,<DEL>|upstream_gene_variant|MODIFIER|DMPK|ENSG00000104936|transcript|ENST00000597660|protein_coding||c.-3690_-2682del|||||2682|WARNING_TRANSCRIPT_NO_START_CODON,<DEL>|upstream_gene_variant|MODIFIER|DMPK|ENSG00000104936|transcript|ENST00000600370|retained_intron||n.-1134_-126del|||||126|,<DEL>|downstream_gene_variant|MODIFIER|AC074212.6|ENSG00000267395|transcript|ENST00000590076|antisense||n.*3419_*4427del|||||3419|,<DEL>|downstream_gene_variant|MODIFIER|AC011530.4|ENSG00000268434|transcript|ENST00000596586|protein_coding||c.*3069_*4077del|||||4077|WARNING_TRANSCRIPT_INCOMPLETE,<DEL>|downstream_gene_variant|MODIFIER|AC074212.6|ENSG00000267395|transcript|ENST00000586251|antisense||n.*2890_*3898del|||||2890|,<DEL>|downstream_gene_variant|MODIFIER|AC074212.6|ENSG00000267395|transcript|ENST00000591530|antisense||n.*2890_*3898del|||||2890|,<DEL>|downstream_gene_variant|MODIFIER|AC074212.6|ENSG00000267395|transcript|ENST00000586498|antisense||n.*2890_*3898del|||||2890|,<DEL>|downstream_gene_variant|MODIFIER|DMPK|ENSG00000104936|transcript|ENST00000599002|retained_intron||n.*1164_*2172del|||||2172|,<DEL>|downstream_gene_variant|MODIFIER|DMPK|ENSG00000104936|transcript|ENST00000598191|retained_intron||n.*1292_*2300del|||||2300|,<DEL>|downstream_gene_variant|MODIFIER|DMPK|ENSG00000104936|transcript|ENST00000596920|processed_transcript||n.*1368_*2376del|||||2376|,<DEL>|downstream_gene_variant|MODIFIER|DMPK|ENSG00000104936|transcript|ENST00000598180|retained_intron||n.*2145_*3153del|||||3153|,<DEL>|downstream_gene_variant|MODIFIER|DMPK|ENSG00000104936|transcript|ENST00000596067|protein_coding||c.*2233_*3241del|||||3241|WARNING_TRANSCRIPT_INCOMPLETE,<DEL>|downstream_gene_variant|MODIFIER|DMPK|ENSG00000104936|transcript|ENST00000599392|retained_intron||n.*2501_*3509del|||||3509|,<DEL>|downstream_gene_variant|MODIFIER|AC011530.4|ENSG00000268434|transcript|ENST00000593999|nonsense_mediated_decay||c.*3450_*4458del|||||4043|WARNING_TRANSCRIPT_NO_START_CODON,<DEL>|downstream_gene_variant|MODIFIER|AC011530.4|ENSG00000268434|transcript|ENST00000597712|nonsense_mediated_decay||c.*3929_*4937del|||||4077|WARNING_TRANSCRIPT_NO_START_CODON,<DEL>|downstream_gene_variant|MODIFIER|AC011530.4|ENSG00000268434|transcript|ENST00000595946|protein_coding||c.*3070_*4078del|||||4078|WARNING_TRANSCRIPT_NO_START_CODON,<DEL>|intron_variant|MODIFIER|DMPK|ENSG00000104936|transcript|ENST00000343373|protein_coding|7/13|c.1176+925_1177-360del||||||,<DEL>|intron_variant|MODIFIER|DMPK|ENSG00000104936|transcript|ENST00000291270|protein_coding|8/14|c.1146+925_1147-360del||||||,<DEL>|intron_variant|MODIFIER|DMPK|ENSG00000104936|transcript|ENST00000588522|nonsense_mediated_decay|9/15|c.*968+925_*969-360del||||||,<DEL>|intron_variant|MODIFIER|DMPK|ENSG00000104936|transcript|ENST00000596686|retained_intron|6/12|n.991+925_992-360del||||||,<DEL>|intron_variant|MODIFIER|DMPK|ENSG00000104936|transcript|ENST00000600757|protein_coding|7/13|c.1161+940_1162-360del||||||,<DEL>|intron_variant|MODIFIER|DMPK|ENSG00000104936|transcript|ENST00000447742|protein_coding|8/14|c.1131+940_1132-360del||||||,<DEL>|intron_variant|MODIFIER|DMPK|ENSG00000104936|transcript|ENST00000458663|protein_coding|8/14|c.1131+940_1132-360del||||||,<DEL>|intron_variant|MODIFIER|DMPK|ENSG00000104936|transcript|ENST00000354227|protein_coding|8/12|c.1131+940_1132-360del||||||,<DEL>|intron_variant|MODIFIER|DMPK|ENSG00000104936|transcript|ENST00000593574|protein_coding|1/4|c.120+925_121-360del||||||WARNING_TRANSCRIPT_INCOMPLETE,<DEL>|intron_variant|MODIFIER|DMPK|ENSG00000104936|transcript|ENST00000595361|processed_transcript|1/1|n.379+257_380-360del||||||","15.59","3810.597","15.48","15.249","3.78","NA"
"21","47419775","HET","DUP","210","47419985","21-47419775-21-47419985-210-Lumpy","1","COL6A1","<DUP>|upstream_gene_variant|MODIFIER|COL6A1|ENSG00000142156|transcript|ENST00000463060|processed_transcript||n.-1070_-860dup|||||1070|,<DUP>|upstream_gene_variant|MODIFIER|COL6A1|ENSG00000142156|transcript|ENST00000498614|processed_transcript||n.-1336_-1126dup|||||1336|,<DUP>|upstream_gene_variant|MODIFIER|COL6A1|ENSG00000142156|transcript|ENST00000486023|processed_transcript||n.-2628_-2418dup|||||2628|,<DUP>|intron_variant|MODIFIER|COL6A1|ENSG00000142156|transcript|ENST00000361866|protein_coding|26/34|c.||||||INFO_REALIGN_3_PRIME,<DUP>|exon_region|MODIFIER|COL6A1|ENSG00000142156|transcript|ENST00000466285|retained_intron|1/3|n.||||||INFO_REALIGN_3_PRIME","6.805","694.682","6.563","6.396","4.285","NA"
"22","33751546","HET","DEL","-220","33751831","22-33751546-22-33751766-220-SoftClip,22-33751617-22-33751831-214-SoftClip,22-33751615-22-33751766-151-Manta,22-33751617-22-33751766-149-Lumpy,22-33751617-22-33751767-150-WHAM","4","LARGE","<DEL>|intron_variant|MODIFIER|LARGE|ENSG00000133424|transcript|ENST00000354992|protein_coding|10/15|c.1132-18044_1132-17759del||||||,<DEL>|intron_variant|MODIFIER|LARGE|ENSG00000133424|transcript|ENST00000608642|protein_coding|2/5|c.163-18044_163-17759del||||||WARNING_TRANSCRIPT_NO_START_CODON,<DEL>|intron_variant|MODIFIER|LARGE|ENSG00000133424|transcript|ENST00000610186|protein_coding|2/6|c.163-18044_163-17759del||||||WARNING_TRANSCRIPT_NO_START_CODON,<DEL>|intron_variant|MODIFIER|LARGE|ENSG00000133424|transcript|ENST00000609799|protein_coding|2/4|c.163-18044_163-17759del||||||WARNING_TRANSCRIPT_NO_START_CODON,<DEL>|intron_variant|MODIFIER|LARGE|ENSG00000133424|transcript|ENST00000337431|protein_coding|10/14|c.1131+26074_1131+26359del||||||,<DEL>|intron_variant|MODIFIER|LARGE|ENSG00000133424|transcript|ENST00000397394|protein_coding|9/14|c.1132-18044_1132-17759del||||||,<DEL>|intron_variant|MODIFIER|LARGE|ENSG00000133424|transcript|ENST00000402320|protein_coding|9/13|c.1131+26074_1131+26359del||||||,<DEL>|intron_variant|MODIFIER|LARGE|ENSG00000133424|transcript|ENST00000452586|protein_coding|5/10|c.529-18044_529-17759del||||||,<DEL>|intron_variant|MODIFIER|LARGE|ENSG00000133424|transcript|ENST00000437602|protein_coding|9/13|c.1132-18044_1132-17759del||||||,<DEL>|intron_variant|MODIFIER|LARGE|ENSG00000133424|transcript|ENST00000421768|protein_coding|5/5|c.529-18044_529-17759del||||||WARNING_TRANSCRIPT_NO_STOP_CODON","10.91","1130.312","9.712","9.159","7.549","NA"
"X","31440007","HET","DEL","-72","31440079","X-31440007-X-31440079-72-Manta","1","DMD","<DEL>|intron_variant|MODIFIER|DMD|ENSG00000198947|transcript|ENST00000357033|protein_coding|60/78|c.9084+22519_9084+22591delNNNNNNNNNNNNNNNNNNNNNNNNNNNNNNNNNNNNNNNNNNNNNNNNNNNNNNNNNNNNNNNNNNNNNNNNN||||||,<DEL>|intron_variant|MODIFIER|DMD|ENSG00000198947|transcript|ENST00000358062|protein_coding|13/29|c.2172+22519_2172+22591delNNNNNNNNNNNNNNNNNNNNNNNNNNNNNNNNNNNNNNNNNNNNNNNNNNNNNNNNNNNNNNNNNNNNNNNNN||||||WARNING_TRANSCRIPT_NO_START_CODON,<DEL>|intron_variant|MODIFIER|DMD|ENSG00000198947|transcript|ENST00000343523|protein_coding|17/30|c.1704+22519_1704+22591delNNNNNNNNNNNNNNNNNNNNNNNNNNNNNNNNNNNNNNNNNNNNNNNNNNNNNNNNNNNNNNNNNNNNNNNNN||||||,<DEL>|intron_variant|MODIFIER|DMD|ENSG00000198947|transcript|ENST00000359836|protein_coding|17/33|c.1704+22519_1704+22591delNNNNNNNNNNNNNNNNNNNNNNNNNNNNNNNNNNNNNNNNNNNNNNNNNNNNNNNNNNNNNNNNNNNNNNNNN||||||,<DEL>|intron_variant|MODIFIER|DMD|ENSG00000198947|transcript|ENST00000378707|protein_coding|17/35|c.1704+22519_1704+22591delNNNNNNNNNNNNNNNNNNNNNNNNNNNNNNNNNNNNNNNNNNNNNNNNNNNNNNNNNNNNNNNNNNNNNNNNN||||||,<DEL>|intron_variant|MODIFIER|DMD|ENSG00000198947|transcript|ENST00000541735|protein_coding|17/31|c.1704+22519_1704+22591delNNNNNNNNNNNNNNNNNNNNNNNNNNNNNNNNNNNNNNNNNNNNNNNNNNNNNNNNNNNNNNNNNNNNNNNNN||||||,<DEL>|intron_variant|MODIFIER|DMD|ENSG00000198947|transcript|ENST00000378677|protein_coding|60/78|c.9072+22519_9072+22591delNNNNNNNNNNNNNNNNNNNNNNNNNNNNNNNNNNNNNNNNNNNNNNNNNNNNNNNNNNNNNNNNNNNNNNNNN||||||,<DEL>|intron_variant|MODIFIER|DMD|ENSG00000198947|transcript|ENST00000474231|protein_coding|17/34|c.1704+22519_1704+22591delNNNNNNNNNNNNNNNNNNNNNNNNNNNNNNNNNNNNNNNNNNNNNNNNNNNNNNNNNNNNNNNNNNNNNNNNN||||||,<DEL>|intron_variant|MODIFIER|DMD|ENSG00000198947|transcript|ENST00000469142|processed_transcript|1/5|n.103+13590_103+13662delNNNNNNNNNNNNNNNNNNNNNNNNNNNNNNNNNNNNNNNNNNNNNNNNNNNNNNNNNNNNNNNNNNNNNNNNN||||||","2.769","78.148","2.631","2.409","1.253","NA"
"X","31546272","HET","DEL","-100","31546372","X-31546272-X-31546371-99-Lumpy,X-31546272-X-31546371-99-Manta,X-31546272-X-31546372-100-WHAM","3","DMD","<DEL>|intron_variant|MODIFIER|DMD|ENSG00000198947|transcript|ENST00000357033|protein_coding|55/78|c.8218-20802_8218-20702del||||||,<DEL>|intron_variant|MODIFIER|DMD|ENSG00000198947|transcript|ENST00000358062|protein_coding|8/29|c.1306-20802_1306-20702del||||||WARNING_TRANSCRIPT_NO_START_CODON,<DEL>|intron_variant|MODIFIER|DMD|ENSG00000198947|transcript|ENST00000343523|protein_coding|12/30|c.838-20802_838-20702del||||||,<DEL>|intron_variant|MODIFIER|DMD|ENSG00000198947|transcript|ENST00000359836|protein_coding|12/33|c.838-20802_838-20702del||||||,<DEL>|intron_variant|MODIFIER|DMD|ENSG00000198947|transcript|ENST00000378707|protein_coding|12/35|c.838-20802_838-20702del||||||,<DEL>|intron_variant|MODIFIER|DMD|ENSG00000198947|transcript|ENST00000541735|protein_coding|12/31|c.838-20802_838-20702del||||||,<DEL>|intron_variant|MODIFIER|DMD|ENSG00000198947|transcript|ENST00000378677|protein_coding|55/78|c.8206-20802_8206-20702del||||||,<DEL>|intron_variant|MODIFIER|DMD|ENSG00000198947|transcript|ENST00000474231|protein_coding|12/34|c.838-20802_838-20702del||||||","18.72","647.305","17.976","17.617","14.669","NA"
"X","31577461","HET","DEL","-350","31577828","X-31577461-X-31577780-319-Manta,X-31577478-X-31577780-302-Lumpy,X-31577478-X-31577781-303-WHAM,X-31577478-X-31577828-350-SoftClip,X-31577494-X-31577780-286-SoftClip","4","DMD","<DEL>|intron_variant|MODIFIER|DMD|ENSG00000198947|transcript|ENST00000357033|protein_coding|55/78|c.8218-52258_8218-51891del||||||,<DEL>|intron_variant|MODIFIER|DMD|ENSG00000198947|transcript|ENST00000358062|protein_coding|8/29|c.1306-52258_1306-51891del||||||WARNING_TRANSCRIPT_NO_START_CODON,<DEL>|intron_variant|MODIFIER|DMD|ENSG00000198947|transcript|ENST00000343523|protein_coding|12/30|c.838-52258_838-51891del||||||,<DEL>|intron_variant|MODIFIER|DMD|ENSG00000198947|transcript|ENST00000359836|protein_coding|12/33|c.838-52258_838-51891del||||||,<DEL>|intron_variant|MODIFIER|DMD|ENSG00000198947|transcript|ENST00000378707|protein_coding|12/35|c.838-52258_838-51891del||||||,<DEL>|intron_variant|MODIFIER|DMD|ENSG00000198947|transcript|ENST00000541735|protein_coding|12/31|c.838-52258_838-51891del||||||,<DEL>|intron_variant|MODIFIER|DMD|ENSG00000198947|transcript|ENST00000378677|protein_coding|55/78|c.8206-52258_8206-51891del||||||,<DEL>|intron_variant|MODIFIER|DMD|ENSG00000198947|transcript|ENST00000474231|protein_coding|12/34|c.838-52258_838-51891del||||||","8.95","1623.851","8.446","8.062","5.501","NA"
"X","32278908","HET","DUP","92","32279000","X-32278908-X-32279000-92-WHAM","1","DMD","<DUP>|intron_variant|MODIFIER|DMD|ENSG00000198947|transcript|ENST00000357033|protein_coding|43/78|c.6290+26646_6290+26738dup||||||,<DUP>|intron_variant|MODIFIER|DMD|ENSG00000198947|transcript|ENST00000378677|protein_coding|43/78|c.6278+26646_6278+26738dup||||||,<DUP>|intron_variant|MODIFIER|DMD|ENSG00000198947|transcript|ENST00000488902|processed_transcript|2/4|n.336-43820_336-43728dup||||||","9.46","326.36","7.355","6.845","4.289","NA"
"X","32470510","HET","DEL","-106","32470616","X-32470510-X-32470616-106-Manta,X-32470514-X-32470616-102-Manta","1","DMD","<DEL>|intron_variant|MODIFIER|DMD|ENSG00000198947|transcript|ENST00000357033|protein_coding|26/78|c.3603+2163_3603+2269del||||||,<DEL>|intron_variant|MODIFIER|DMD|ENSG00000198947|transcript|ENST00000378677|protein_coding|26/78|c.3591+2163_3591+2269del||||||,<DEL>|intron_variant|MODIFIER|DMD|ENSG00000198947|transcript|ENST00000488902|processed_transcript|2/4|n.336-235436_336-235330del||||||,<DEL>|intron_variant|MODIFIER|DMD|ENSG00000198947|transcript|ENST00000420596|protein_coding|2/3|c.94-87300_94-87194del||||||WARNING_TRANSCRIPT_NO_STOP_CODON,<DEL>|intron_variant|MODIFIER|DMD|ENSG00000198947|transcript|ENST00000448370|protein_coding|2/2|c.94-87789_94-87683del||||||WARNING_TRANSCRIPT_NO_STOP_CODON","3.893","137.188","3.509","3.225","2.76","NA"
"X","32987322","HOM","DEL","-1758","32989080","X-32987322-X-32989055-1733-SoftClip,X-32987324-X-32989079-1755-SoftClip,X-32987322-X-32989079-1757-Lumpy,X-32987322-X-32989079-1757-Manta,X-32987322-X-32989080-1758-WHAM","4","DMD","<DEL>|intron_variant|MODIFIER|DMD|ENSG00000198947|transcript|ENST00000357033|protein_coding|2/78|c.93+49176_93+50934del||||||,<DEL>|intron_variant|MODIFIER|DMD|ENSG00000198947|transcript|ENST00000378677|protein_coding|2/78|c.81+49176_81+50934del||||||,<DEL>|intron_variant|MODIFIER|DMD|ENSG00000198947|transcript|ENST00000488902|processed_transcript|2/4|n.335+49176_335+50934del||||||,<DEL>|intron_variant|MODIFIER|DMD|ENSG00000198947|transcript|ENST00000420596|protein_coding|2/3|c.93+49176_93+50934del||||||WARNING_TRANSCRIPT_NO_STOP_CODON,<DEL>|intron_variant|MODIFIER|DMD|ENSG00000198947|transcript|ENST00000448370|protein_coding|2/2|c.93+49176_93+50934del||||||WARNING_TRANSCRIPT_NO_STOP_CODON,<DEL>|intron_variant|MODIFIER|DMD|ENSG00000198947|transcript|ENST00000288447|protein_coding|2/17|c.69+49176_69+50934del||||||,<DEL>|intron_variant|MODIFIER|DMD|ENSG00000198947|transcript|ENST00000472681|processed_transcript|3/4|n.139-10616_139-8858del||||||","13.33","6106.11","12.428","11.814","3.473","NA"
"X","33027673","HET","DEL","-136","33027809","X-33027673-X-33027809-136-Manta","1","DMD","<DEL>|intron_variant|MODIFIER|DMD|ENSG00000198947|transcript|ENST00000357033|protein_coding|2/78|c.93+10447_93+10583del||||||,<DEL>|intron_variant|MODIFIER|DMD|ENSG00000198947|transcript|ENST00000378677|protein_coding|2/78|c.81+10447_81+10583del||||||,<DEL>|intron_variant|MODIFIER|DMD|ENSG00000198947|transcript|ENST00000488902|processed_transcript|2/4|n.335+10447_335+10583del||||||,<DEL>|intron_variant|MODIFIER|DMD|ENSG00000198947|transcript|ENST00000420596|protein_coding|2/3|c.93+10447_93+10583del||||||WARNING_TRANSCRIPT_NO_STOP_CODON,<DEL>|intron_variant|MODIFIER|DMD|ENSG00000198947|transcript|ENST00000448370|protein_coding|2/2|c.93+10447_93+10583del||||||WARNING_TRANSCRIPT_NO_STOP_CODON,<DEL>|intron_variant|MODIFIER|DMD|ENSG00000198947|transcript|ENST00000288447|protein_coding|2/17|c.69+10447_69+10583del||||||,<DEL>|intron_variant|MODIFIER|DMD|ENSG00000198947|transcript|ENST00000472681|processed_transcript|3/4|n.138+10447_138+10583del||||||","5.795","501.035","5.492","5.409","3.695","NA"
"X","33208579","HET","DEL","-324","33208904","X-33208579-X-33208903-324-Manta,X-33208593-X-33208903-310-Lumpy,X-33208593-X-33208904-311-WHAM","3","DMD","<DEL>|intron_variant|MODIFIER|DMD|ENSG00000198947|transcript|ENST00000357033|protein_coding|1/78|c.31+20495_31+20820del||||||,<DEL>|intron_variant|MODIFIER|DMD|ENSG00000198947|transcript|ENST00000488902|processed_transcript|1/4|n.273+20495_273+20820del||||||,<DEL>|intron_variant|MODIFIER|DMD|ENSG00000198947|transcript|ENST00000420596|protein_coding|1/3|c.31+20495_31+20820del||||||WARNING_TRANSCRIPT_NO_STOP_CODON,<DEL>|intron_variant|MODIFIER|DMD|ENSG00000198947|transcript|ENST00000448370|protein_coding|1/2|c.31+20495_31+20820del||||||WARNING_TRANSCRIPT_NO_STOP_CODON,<DEL>|intron_variant|MODIFIER|DMD|ENSG00000198947|transcript|ENST00000288447|protein_coding|1/17|c.7+148472_7+148797del||||||,<DEL>|intron_variant|MODIFIER|DMD|ENSG00000198947|transcript|ENST00000463609|processed_transcript|1/1|n.151+20495_151+20820del||||||","11.495","1390.745","10.247","8.531","5.851","NA"
"X","33302850","HOM","INS","309","33302850","X-33302340-X-33303350-0-SoftClip,X-33302850-X-33302850-309-Manta","2","DMD","CGCGGTGGCTCACGCCTGTAATCCCAGCACTTTGGGAGGCCGAGGCGGGTGGATCATGAGGTCAGGAGATCGAGACCATCCTGGCTAACAAGGTGAAACCCCGTCTCTACTAAAAATACAAAAAAAAATTAGCCGGGCGCGGTGGCGGGCGCCTGTAGTCCCAGCTACTCGGGAGGCTGAGGCAGGAGAATGGCGTGAACCCGGGAAGCGGAGCTTGCAGTGAGCCGAGATTGCGCCACTGCAGTCCGCAGTCCGGCCTGGGCGACAGAGCGAGACTCCGTCTCAAAAAAAAAAAAAAAAAAAATCATC|intron_variant|MODIFIER|DMD|ENSG00000198947|transcript|ENST00000288447|protein_coding|1/17|c.7+54525delAinsGATGATTTTTTTTTTTTTTTTTTTTGAGACGGAGTCTCGCTCTGTCGCCCAGGCCGGACTGCGGACTGCAGTGGCGCAATCTCGGCTCACTGCAAGCTCCGCTTCCCGGGTTCACGCCATTCTCCTGCCTCAGCCTCCCGAGTAGCTGGGACTACAGGCGCCCGCCACCGCGCCCGGCTAATTTTTTTTTGTATTTTTAGTAGAGACGGGGTTTCACCTTGTTAGCCAGGATGGTCTCGATCTCCTGACCTCATGATCCACCCGCCTCGGCCTCCCAAAGTGCTGGGATTACAGGCGTGAGCCACCGCG||||||","3.839","3.839","3.839","3.839","3.839","NA"
