Position,UCSC_Link,Ref,Alt,Zygosity.Ashkenazim_HG002,Zygosity.Ashkenazim_HG003,Zygosity.Ashkenazim_HG004,Gene,Burden.Ashkenazim_HG002,Burden.Ashkenazim_HG003,Burden.Ashkenazim_HG004,gts,Variation,Info,Protein_change_ensembl,Protein_change_refseq,Depth,Quality,Alt_depths.Ashkenazim_HG002,Alt_depths.Ashkenazim_HG003,Alt_depths.Ashkenazim_HG004,Trio_coverage,Ensembl_gene_id,Gene_description,Omim_gene_description,Omim_inheritance,Orphanet,Clinvar,Ensembl_transcript_id,AA_position,Exon,Pfam_domain,rsIDs,Maf_1000g,EVS_maf_aa,EVS_maf_ea,EVS_maf_all,Gnomad_maf,Maf_all,Exac_pLi_score,Exac_missense_score,Gnomad_het,Gnomad_hom_alt,Conserved_in_29_mammals,Sift_score,Polyphen_score,Cadd_score,Imprinting_status,Imprinting_expressed_allele,Pseudoautosomal,Splicing,Number_of_callers
chr10:15115161,"=HYPERLINK(""http://genome.ucsc.edu/cgi-bin/hgTracks?db=hg19&hgt.out3=10x&position=chr10:15115161"",""UCSC_link"")",C,T,Het,-,-,OLAH,1,0,0,"C/T,C/C,C/C",missense_variant,"OLAH:exonNA::,OLAH:exonNA:ENST00000378211.3:n.179-1579G>A:,OLAH:exon9/9:ENST00000378217.3:c.890C>T:ENSP00000367462.3:p.Ala297Val,OLAH:exon8/8:ENST00000378228.3:c.731C>T:ENSP00000367473.3:p.Ala244Val,OLAH:exon2/2:ENST00000485251.1:n.292C>T:,OLAH:exon8/8:NM_001039702.2:c.731C>T:NP_001034791.1:p.Ala244Val,OLAH:exonNA::,OLAH:exon9/9:NM_018324.2:c.890C>T:NP_060794.1:p.Ala297Val,OLAH:exonNA:XM_005252453.1:c.-131-1579G>A:",ENSP00000367462.3:p.Ala297Val,NP_001034791.1:p.Ala244Val,715,1738.09997559,69,0,0,198_261_256,ENSG00000152463,oleoyl-ACP hydrolase,0,"NA",0,NA,ENST00000378217,297_318,9_9,Thioesterase,rs770022055,0,0,0,0,2.03214e-5,1.30132084065e-4,9.45313545645555e-4,-1.81580148494797,3,1,1,0.08,0.268,6.88,"NA","NA","NA",0,4
chr11:82698724,"=HYPERLINK(""http://genome.ucsc.edu/cgi-bin/hgTracks?db=hg19&hgt.out3=10x&position=chr11:82698724"",""UCSC_link"")",T,C,Het,-,-,RAB30,1,0,0,"T/C,T/T,T/T",missense_variant,"RAB30:exon4/5:ENST00000260056.2:c.266A>G:ENSP00000260056.2:p.Tyr89Cys,RAB30:exon4/4:ENST00000524635.1:c.128A>G:ENSP00000436587.1:p.Tyr43Cys,RAB30:exon2/2:ENST00000525117.1:c.182A>G:ENSP00000433243.1:p.Tyr61Cys,RAB30:exon5/5:ENST00000526205.1:c.266A>G:ENSP00000432336.1:p.Tyr89Cys,RAB30:exonNA:ENST00000527550.1:n.373-23941A>G:,RAB30:exon4/5:ENST00000527633.1:c.266A>G:ENSP00000435089.1:p.Tyr89Cys,RAB30:exonNA::,RAB30:exon4/5:ENST00000531021.1:c.266A>G:ENSP00000434953.1:p.Tyr89Cys,RAB30:exon3/3:ENST00000532548.1:c.266A>G:ENSP00000437235.1:p.Tyr89Cys,RAB30:exon2/3:ENST00000533014.1:c.158A>G:ENSP00000433832.1:p.Tyr53Cys,RAB30:exon5/6:ENST00000533486.1:c.266A>G:ENSP00000435189.1:p.Tyr89Cys,RAB30:exon4/4:ENST00000534103.1:c.266A>G:ENSP00000435542.1:p.Tyr89Cys,RAB30:exon4/5:ENST00000534141.1:c.266A>G:ENSP00000434974.1:p.Tyr89Cys,RAB30:exon3/4:ENST00000534301.1:c.266A>G:ENSP00000432193.1:p.Tyr89Cys,RAB30:exon5/6:NM_014488.3:c.266A>G:NP_055303.2:p.Tyr89Cys,RAB30:exon4/5:XM_005273911.1:c.266A>G:XP_005273968.1:p.Tyr89Cys,RAB30:exon4/5:XM_005273912.1:c.266A>G:XP_005273969.1:p.Tyr89Cys,RAB30:exon2/3:XM_005273913.1:c.182A>G:XP_005273970.1:p.Tyr61Cys,RAB30:exon4/5:XM_005273914.1:c.266A>G:XP_005273971.1:p.Tyr89Cys",ENSP00000260056.2:p.Tyr89Cys,NP_055303.2:p.Tyr89Cys,485,1890.09997559,68,0,0,170_164_148,ENSG00000137502,"RAB30, member RAS oncogene family",0,"NA",0,NA,ENST00000260056,89_203,4_5,"Ras,Miro,Ras,Miro,Ras",NA,0,0,0,0,0,0,0.947925318072797,1.85371902628723,0,0,1,0,0.999,27.2,"NA","NA","NA",0,4
chr14:77245340,"=HYPERLINK(""http://genome.ucsc.edu/cgi-bin/hgTracks?db=hg19&hgt.out3=10x&position=chr14:77245340"",""UCSC_link"")",C,T,Het,-,-,RP11-488C13.7,1,0,0,"C/T,C/C,C/C",splice_region_variant,"RP11-488C13.7:exon7/7:ENST00000167106.4:c.1077C>T:ENSP00000167106.4:p.Asn359%3D,RP11-488C13.7:exonNA::,RP11-488C13.7:exon1/2:ENST00000553758.1:n.46C>T:,RP11-488C13.7:exonNA::,RP11-488C13.7:exon2/2:ENST00000554743.1:c.-338C>T:,RP11-488C13.7:exonNA::,RP11-488C13.7:exonNA::,RP11-488C13.7:exonNA:ENST00000556368.1:n.119+2403G>A:,RP11-488C13.7:exon7/7:NM_014909.4:c.1077C>T:NP_055724.1:p.Asn359%3D,RP11-488C13.7:exon8/8:XM_005267409.1:c.618C>T:XP_005267466.1:p.Asn206%3D,RP11-488C13.7:exonNA::,RP11-488C13.7:exonNA::,RP11-488C13.7:exonNA::,RP11-488C13.7:exonNA::,RP11-488C13.7:exonNA::","NA",NP_055724.1:p.Asn359%3D,754,3025.10009766,123,0,0,274_230_249,ENSG00000258610,"NA",0,"NA",0,NA,ENST00000553758,"NA",1_2,NA,NA,0,0,0,0,0,0,"NA","NA",0,0,1,NA,NA,15.87,"NA","NA","NA",3.23391049399575,4
chr14:93170535,"=HYPERLINK(""http://genome.ucsc.edu/cgi-bin/hgTracks?db=hg19&hgt.out3=10x&position=chr14:93170535"",""UCSC_link"")",G,A,Het,-,-,LGMN,1,0,0,"G/A,G/G,G/G",missense_variant,"LGMN:exon14/14:ENST00000334869.4:c.*129C>T:,LGMN:exon15/15:ENST00000393218.2:c.*129C>T:,LGMN:exon3/3:ENST00000555169.1:c.175C>T:ENSP00000451854.1:p.Ser59Leu,LGMN:exon12/12:ENST00000555699.1:c.*73C>T:,LGMN:exonNA::,LGMN:exon13/13:ENST00000557434.1:c.*129C>T:,LGMN:exon13/13:ENST00000557609.1:c.*991C>T:,LGMN:exonNA::,LGMN:exon15/15:NM_001008530.2:c.*129C>T:,LGMN:exon14/14:NM_005606.6:c.*129C>T:,LGMN:exon13/13:XM_005267862.1:c.*129C>T:,LGMN:exon12/12:XM_005267863.1:c.*73C>T:,LGMN:exonNA::",ENSP00000451854.1:p.Ser59Leu,"NA",1157,5160.10009766,202,0,0,413_321_423,ENSG00000100600,legumain,0,"NA",0,NA,ENST00000555169,59_91,3_3,NA,NA,0,0,0,0,4.35536e-6,9.76486212015e-6,0.00304434535656973,0.829279119445394,1,0,1,0.03,0.01,6.86,"NA","NA","NA",0,4
chr15:42439531,"=HYPERLINK(""http://genome.ucsc.edu/cgi-bin/hgTracks?db=hg19&hgt.out3=10x&position=chr15:42439531"",""UCSC_link"")",G,T,Het,-,-,PLA2G4F,1,0,0,"G/T,G/G,G/G",missense_variant,"PLA2G4F:exon12/19:ENST00000290497.7:c.*954C>A:,PLA2G4F:exon13/20:ENST00000382396.4:c.1210C>A:ENSP00000371833.4:p.Leu404Ile,PLA2G4F:exon13/20:ENST00000397272.3:c.1216C>A:ENSP00000380442.3:p.Leu406Ile,PLA2G4F:exonNA::,PLA2G4F:exon2/2:ENST00000561893.1:n.122C>A:,PLA2G4F:exonNA::,PLA2G4F:exon13/20:ENST00000569985.1:c.*254C>A:,PLA2G4F:exon13/20:NM_213600.3:c.1210C>A:NP_998765.3:p.Leu404Ile,PLA2G4F:exon12/19:NR_033151.1:n.1229C>A:,PLA2G4F:exon13/20:XM_005254271.1:c.571C>A:XP_005254328.1:p.Leu191Ile,PLA2G4F:exon6/13:XM_005254272.1:c.106C>A:XP_005254329.1:p.Leu36Ile",ENSP00000371833.4:p.Leu404Ile,NP_998765.3:p.Leu404Ile,73,483.100006104,17,0,0,33_22_18,ENSG00000168907,"phospholipase A2, group IVF",0,"NA",0,NA,ENST00000382396,404_849,13_20,PLA2_B,NA,0,0,0,0,0,0,1.36752616426144e-8,-1.61464574205676,0,0,1,0.03,0.764,23,"NA","NA","NA",0,4
chr19:45720935,"=HYPERLINK(""http://genome.ucsc.edu/cgi-bin/hgTracks?db=hg19&hgt.out3=10x&position=chr19:45720935"",""UCSC_link"")",C,T,Het,-,-,EXOC3L2,1,0,0,"C/T,C/C,C/C",missense_variant,"EXOC3L2:exon7/9:ENST00000252482.3:c.670G>A:ENSP00000252482.3:p.Val224Ile,EXOC3L2:exon8/10:ENST00000413988.1:c.670G>A:ENSP00000400713.1:p.Val224Ile,EXOC3L2:exonNA:ENST00000587566.1:c.-276-41312C>T:,EXOC3L2:exonNA::,EXOC3L2:exon8/10:NM_138568.3:c.670G>A:NP_612635.3:p.Val224Ile",ENSP00000252482.3:p.Val224Ile,NP_612635.3:p.Val224Ile,150,659.099975586,22,0,0,53_37_60,ENSG00000130201,exocyst complex component 3-like 2,0,"NA",0,NA,ENST00000252482,224_409,7_9,Sec6,NA,0,0,0,0,0,0,0.978819275379255,0.502010977129052,0,0,1,0,0.324,22.6,"NA","NA","NA",0,4
chr19:6381471,"=HYPERLINK(""http://genome.ucsc.edu/cgi-bin/hgTracks?db=hg19&hgt.out3=10x&position=chr19:6381471"",""UCSC_link"")",TCGC,T,Het,-,-,GTF2F1,1,0,0,"TCGC/T,TCGC/TCGC,TCGC/TCGC",inframe_deletion,"GTF2F1:exon9/13:ENST00000394456.5:c.914_916delGCG:ENSP00000377969.3:p.Ser305_Asp306delinsAsn,GTF2F1:exon6/10:ENST00000429701.2:c.659_661delGCG:ENSP00000392107.2:p.Ser220_Asp221delinsAsn,GTF2F1:exon6/10:ENST00000593678.1:c.662_664delGCG:ENSP00000469091.1:p.Ser221_Asp222delinsAsn,GTF2F1:exon3/6:ENST00000594213.1:n.202_204delGCG:,GTF2F1:exon2/6:ENST00000594965.1:n.232_234delGCG:,GTF2F1:exon10/10:ENST00000595047.1:c.1094_1096delGCG:ENSP00000471403.1:p.Ser365_Asp366delinsAsn,GTF2F1:exonNA::,GTF2F1:exon9/13:NM_002096.2:c.914_916delGCG:NP_002087.2:p.Ser305_Asp306delinsAsn",ENSP00000377969.3:p.Ser305_Asp306delinsAsn,NP_002087.2:p.Ser305_Asp306delinsAsn,472,2797.10009766,74,0,0,164_142_160,ENSG00000125651,"general transcription factor IIF, polypeptide 1, 74kDa",0,"NA",0,NA,ENST00000394456,305-306_517,9_13,TFIIF_alpha,NA,0,0,0,0,0,0,0.0841192890481956,0.455619569092186,0,0,1,NA,NA,NA,"NA","NA","NA",0,4
chr2:241835203,"=HYPERLINK(""http://genome.ucsc.edu/cgi-bin/hgTracks?db=hg19&hgt.out3=10x&position=chr2:241835203"",""UCSC_link"")",G,T,Het,-,-,C2orf54,1,0,0,"G/T,G/G,G/G",missense_variant,"C2orf54:exonNA::,C2orf54:exon1/5:ENST00000388934.4:c.212C>A:ENSP00000373586.4:p.Ala71Asp,C2orf54:exonNA::,C2orf54:exon2/2:ENST00000414499.1:c.212C>A:ENSP00000390935.1:p.Ala71Asp,C2orf54:exon2/2:ENST00000454476.2:c.182C>A:ENSP00000394874.2:p.Ala61Asp,C2orf54:exon1/5:NM_001085437.1:c.212C>A:NP_001078906.1:p.Ala71Asp,C2orf54:exonNA::,C2orf54:exon2/6:XM_005247044.1:c.212C>A:XP_005247101.1:p.Ala71Asp,C2orf54:exonNA::",ENSP00000373586.4:p.Ala71Asp,NP_001078906.1:p.Ala71Asp,494,1624.09997559,65,0,0,166_151_176,ENSG00000172478,chromosome 2 open reading frame 54,0,"NA",0,NA,ENST00000388934,71_447,1_5,NA,NA,0,0,0,0,0,0,3.06039583335509e-4,-1.13929787137625,0,0,1,0,0.36,22,"NA","NA","NA",0,4
chr2:25457155,"=HYPERLINK(""http://genome.ucsc.edu/cgi-bin/hgTracks?db=hg19&hgt.out3=10x&position=chr2:25457155"",""UCSC_link"")",C,T,Het,-,-,DNMT3A,1,0,1,"C/T,C/C,C/C",missense_variant,"DNMT3A:exon23/23:ENST00000264709.3:c.2732G>A:ENSP00000264709.3:p.Cys911Tyr,DNMT3A:exon23/23:ENST00000321117.5:c.2732G>A:ENSP00000324375.5:p.Cys911Tyr,DNMT3A:exon19/19:ENST00000380746.4:c.2165G>A:ENSP00000370122.4:p.Cys722Tyr,DNMT3A:exon24/24:ENST00000380756.3:c.*585G>A:,DNMT3A:exon18/18:ENST00000402667.1:c.2063G>A:ENSP00000384237.1:p.Cys688Tyr,DNMT3A:exonNA::,DNMT3A:exonNA::,DNMT3A:exonNA::,DNMT3A:exonNA::,DNMT3A:exonNA::,DNMT3A:exon23/23:NM_022552.4:c.2732G>A:NP_072046.2:p.Cys911Tyr,DNMT3A:exon19/19:NM_153759.3:c.2165G>A:NP_715640.2:p.Cys722Tyr,DNMT3A:exon23/23:NM_175629.2:c.2732G>A:NP_783328.1:p.Cys911Tyr,DNMT3A:exon23/23:XM_005264175.1:c.2732G>A:XP_005264232.1:p.Cys911Tyr,DNMT3A:exon23/23:XM_005264176.1:c.2732G>A:XP_005264233.1:p.Cys911Tyr,DNMT3A:exon18/18:XM_005264177.1:c.2063G>A:XP_005264234.1:p.Cys688Tyr",ENSP00000264709.3:p.Cys911Tyr,NP_072046.2:p.Cys911Tyr,247,1445.09997559,52,0,0,95_77_75,ENSG00000119772,DNA (cytosine-5-)-methyltransferase 3 alpha,"Tatton-Brown-Rahman syndrome, 615879 (3), Autosomal dominant",AD,Tall stature-intellectual disability-facial dysmorphism syndrome,NA,ENST00000264709,911_912,23_23,NA,NA,0,0,0,0,0,0,1.22686692088883e-40,4.39237943925045,0,0,1,0,0.938,27.8,"NA","NA","NA",0,4
chr2:27360036,"=HYPERLINK(""http://genome.ucsc.edu/cgi-bin/hgTracks?db=hg19&hgt.out3=10x&position=chr2:27360036"",""UCSC_link"")",A,G,Het,-,-,C2orf53,1,0,0,"A/G,A/A,A/A",missense_variant,"C2orf53:exonNA::,C2orf53:exon3/3:ENST00000335524.3:c.1162T>C:ENSP00000335017.3:p.Ser388Pro,C2orf53:exonNA::,C2orf53:exonNA::,C2orf53:exonNA::,C2orf53:exonNA::,C2orf53:exonNA::,C2orf53:exonNA::,C2orf53:exonNA::,C2orf53:exonNA::,C2orf53:exonNA::,C2orf53:exonNA::,C2orf53:exon3/3:NM_178553.3:c.1162T>C:NP_848648.2:p.Ser388Pro,C2orf53:exonNA::",ENSP00000335017.3:p.Ser388Pro,NP_848648.2:p.Ser388Pro,807,220,115,0,4,294_241_272,ENSG00000186143,chromosome 2 open reading frame 53,0,"NA",0,NA,ENST00000335524,388_412,3_3,NA,NA,0,0,0,0,0,0,1.06568966160368e-9,0.162108777230513,0,0,0,0.02,0.804,18.92,"NA","NA","NA",0,3
chr3:52547912,"=HYPERLINK(""http://genome.ucsc.edu/cgi-bin/hgTracks?db=hg19&hgt.out3=10x&position=chr3:52547912"",""UCSC_link"")",C,G,Het,-,-,STAB1,2,1,0,"C/G,C/C,C/C",missense_variant,"STAB1:exon32/69:ENST00000321725.6:c.3362C>G:ENSP00000312946.6:p.Pro1121Arg,STAB1:exonNA::,STAB1:exonNA::,STAB1:exonNA::,STAB1:exon32/69:NM_015136.2:c.3362C>G:NP_055951.2:p.Pro1121Arg,STAB1:exon32/68:XM_005264973.1:c.3362C>G:XP_005265030.1:p.Pro1121Arg,STAB1:exon32/69:XM_005264974.1:c.3362C>G:XP_005265031.1:p.Pro1121Arg,STAB1:exon32/67:XM_005264975.1:c.3362C>G:XP_005265032.1:p.Pro1121Arg,STAB1:exon32/68:XM_005264976.1:c.3362C>G:XP_005265033.1:p.Pro1121Arg",ENSP00000312946.6:p.Pro1121Arg,NP_055951.2:p.Pro1121Arg,996,4638.10009766,191,0,1,377_279_336,ENSG00000010327,stabilin 1,0,"NA",0,NA,ENST00000321725,1121_2570,32_69,NA,NA,0,0,0,0,0,0,4.456535897846e-23,0.589752513650163,0,0,1,0.04,0.082,1.28,"NA","NA","NA",0,4
chr5:140730969,"=HYPERLINK(""http://genome.ucsc.edu/cgi-bin/hgTracks?db=hg19&hgt.out3=10x&position=chr5:140730969"",""UCSC_link"")",A,G,Het,-,-,PCDHGB1,1,1,0,"A/G,A/A,A/A",missense_variant,"PCDHGB1:exonNA:ENST00000253812.6:c.2424+4945A>G:,PCDHGB1:exonNA:ENST00000394576.2:c.2424+10007A>G:,PCDHGB1:exonNA:ENST00000517417.1:c.2421+18297A>G:,PCDHGB1:exon1/4:ENST00000523390.1:c.1142A>G:ENSP00000429273.1:p.Tyr381Cys,PCDHGB1:exonNA::,PCDHGB1:exonNA:NM_018912.2:c.2421+18297A>G:,PCDHGB1:exonNA:NM_018915.2:c.2424+10007A>G:,PCDHGB1:exonNA:NM_018916.3:c.2424+4945A>G:,PCDHGB1:exonNA::,PCDHGB1:exon1/4:NM_018922.2:c.1142A>G:NP_061745.1:p.Tyr381Cys,PCDHGB1:exonNA::,PCDHGB1:exonNA::,PCDHGB1:exon1/1:NM_032095.1:c.1142A>G:NP_115266.1:p.Tyr381Cys",ENSP00000429273.1:p.Tyr381Cys,NP_061745.1:p.Tyr381Cys,1176,5923.10009766,205,0,0,444_341_391,ENSG00000254221,"protocadherin gamma subfamily B, 1",0,"NA",0,NA,ENST00000523390,381_927,1_4,Cadherin,NA,0,0,0,0,4.15762e-6,9.21183536608e-6,0.106009928497603,2.166749691513,1,0,1,0.18,0.84,13.22,"NA","NA","NA",0,4
chr8:30703949,"=HYPERLINK(""http://genome.ucsc.edu/cgi-bin/hgTracks?db=hg19&hgt.out3=10x&position=chr8:30703949"",""UCSC_link"")",C,G,Het,-,-,TEX15,1,0,0,"C/G,C/C,C/C",missense_variant,"TEX15:exon1/4:ENST00000256246.2:c.2585G>C:ENSP00000256246.2:p.Arg862Pro,TEX15:exonNA::,TEX15:exon1/4:NM_031271.3:c.2585G>C:NP_112561.2:p.Arg862Pro,TEX15:exon7/10:XM_005273574.1:c.3746G>C:XP_005273631.1:p.Arg1249Pro,TEX15:exon8/11:XM_005273575.1:c.3734G>C:XP_005273632.1:p.Arg1245Pro,TEX15:exon5/8:XM_005273576.1:c.3425G>C:XP_005273633.1:p.Arg1142Pro",ENSP00000256246.2:p.Arg862Pro,NP_112561.2:p.Arg862Pro,492,2805.10009766,100,0,0,186_165_140,ENSG00000133863,testis expressed 15,0,"NA",0,NA,ENST00000256246,862_2789,1_4,NA,NA,0,0,0,0,0,0,1.56000306737348e-15,-3.85939190496439,0,0,0,0.01,0.103,21.8,"NA","NA","NA",0,4
﻿chr19:53518406,"=HYPERLINK(""http://genome.ucsc.edu/cgi-bin/hgTracks?db=hg19&hgt.out3=10x&position=chr19:53518406"",""UCSC_link"")",C,G,Hom,Het,-,ERVV-1,1,1,0,"G/G,C/G,C/C",missense_variant,"ERVV-1:exonNA:ENST00000594516.1:n.159+22572G>C:,ERVV-1:exonNA::,ERVV-1:exonNA:ENST00000600425.1:n.129+22617G>C:,ERVV-1:exon1/1:ENST00000602168.1:c.1063C>G:ENSP00000473153.1:p.Gln355Glu,ERVV-1:exon1/1:NM_152473.2:c.1063C>G:NP_689686.2:p.Gln355Glu",ENSP00000473153.1:p.Gln355Glu,NP_689686.2:p.Gln355Glu,229,3510.89990234,64,59,0,64_105_60,ENSG00000269526,"endogenous retrovirus group V, member 1",0,"NA",0,NA,ENST00000602168,355_477,1_1,NA,rs542927765,5.99042e-4,0,0,0,0.00156242,0.00360288230584,"NA","NA",187,0,0,1,0.477,8.35,"NA","NA","NA",0,3
